,Start_Date,End_Date,Port_Return,Benchmark_Return,Port_Return_Ann,Benchmark_Return_Ann,Port_1yr_Drawdown,Benchmark_1yr_Drawdown
0,2001-03-14,2003-04-15,-17.72%,-23.69%,-8.92%,-12.15%,-22.47%,-34.79%
1,2001-03-14,2003-08-13,-13.95%,-15.82%,-6.03%,-6.88%,-22.47%,-34.79%
2,2001-03-14,2003-12-11,-5.78%,-8.26%,-2.15%,-3.09%,-22.47%,-34.79%
3,2001-03-14,2004-04-08,-0.72%,-2.79%,-0.24%,-0.92%,-22.47%,-34.79%
4,2001-03-14,2004-08-06,-10.24%,-9.18%,-3.13%,-2.79%,-22.47%,-34.79%
5,2001-03-14,2004-12-03,2.17%,1.36%,0.58%,0.36%,-22.47%,-34.79%
6,2001-03-14,2005-04-04,3.07%,-0.02%,0.75%,-0.0%,-22.47%,-34.79%
7,2001-03-14,2005-08-02,8.09%,5.73%,1.79%,1.28%,-22.47%,-34.79%
8,2001-03-14,2005-11-30,8.66%,6.6%,1.78%,1.36%,-22.47%,-34.79%
9,2001-03-14,2006-03-30,14.48%,10.33%,2.72%,1.97%,-22.47%,-34.79%
10,2001-03-14,2006-07-28,17.19%,8.78%,3.0%,1.58%,-22.47%,-34.79%
11,2001-03-14,2006-11-24,26.62%,19.29%,4.23%,3.14%,-22.47%,-34.79%
12,2001-03-14,2007-03-23,31.32%,21.88%,4.62%,3.34%,-22.47%,-34.79%
13,2001-03-14,2007-07-23,37.9%,30.87%,5.18%,4.32%,-22.47%,-34.79%
14,2001-03-14,2007-11-20,25.41%,22.94%,3.44%,3.14%,-22.47%,-34.79%
15,2001-03-14,2008-03-19,16.02%,10.77%,2.14%,1.47%,-22.47%,-34.79%
16,2001-03-14,2008-07-17,16.02%,6.42%,2.04%,0.85%,-22.47%,-34.79%
17,2001-03-14,2008-11-14,16.02%,-26.37%,1.95%,-3.91%,-22.47%,-45.72%
18,2001-03-14,2009-03-13,16.02%,-35.33%,1.87%,-5.3%,-22.47%,-52.39%
19,2001-03-14,2009-07-10,16.64%,-25.24%,1.87%,-3.43%,-22.47%,-52.39%
20,2001-03-14,2009-11-09,42.81%,-6.87%,4.2%,-0.82%,-22.47%,-52.39%
21,2001-03-14,2010-03-09,50.43%,-2.71%,4.65%,-0.31%,-22.47%,-52.39%
22,2001-03-14,2010-07-07,38.76%,-9.81%,3.58%,-1.1%,-22.47%,-52.39%
23,2001-03-14,2010-11-04,44.69%,3.92%,3.9%,0.4%,-22.47%,-52.39%
24,2001-03-14,2011-03-04,57.18%,12.6%,4.64%,1.2%,-22.47%,-52.39%
25,2001-03-14,2011-07-01,60.48%,13.83%,4.7%,1.26%,-22.47%,-52.39%
26,2001-03-14,2011-10-28,38.84%,9.31%,3.14%,0.84%,-22.47%,-52.39%
27,2001-03-14,2012-02-27,39.91%,16.58%,3.11%,1.41%,-22.47%,-52.39%
28,2001-03-14,2012-06-26,33.96%,12.18%,2.62%,1.02%,-22.47%,-52.39%
29,2001-03-14,2012-10-24,40.98%,19.86%,3.0%,1.57%,-22.47%,-52.39%
30,2001-03-14,2013-02-21,48.75%,27.85%,3.38%,2.08%,-22.47%,-52.39%
31,2001-03-14,2013-06-21,57.36%,35.21%,3.76%,2.49%,-22.47%,-52.39%
32,2001-03-14,2013-10-18,76.09%,48.23%,4.59%,3.17%,-22.47%,-52.39%
33,2001-03-14,2014-02-14,88.01%,56.41%,5.0%,3.52%,-22.47%,-52.39%
34,2001-03-14,2014-06-16,95.35%,65.14%,5.18%,3.85%,-22.47%,-52.39%
35,2001-03-14,2014-10-14,89.14%,59.54%,4.8%,3.5%,-22.47%,-52.39%
36,2001-03-14,2003-08-13,-13.95%,-15.82%,-6.03%,-6.88%,-22.47%,-34.79%
37,2001-03-14,2003-12-11,-5.78%,-8.26%,-2.15%,-3.09%,-22.47%,-34.79%
38,2001-03-14,2004-04-08,-0.72%,-2.79%,-0.24%,-0.92%,-22.47%,-34.79%
39,2001-03-14,2004-08-06,-10.24%,-9.18%,-3.13%,-2.79%,-22.47%,-34.79%
40,2001-03-14,2004-12-03,2.17%,1.36%,0.58%,0.36%,-22.47%,-34.79%
41,2001-03-14,2005-04-04,3.07%,-0.02%,0.75%,-0.0%,-22.47%,-34.79%
42,2001-03-14,2005-08-02,8.09%,5.73%,1.79%,1.28%,-22.47%,-34.79%
43,2001-03-14,2005-11-30,8.66%,6.6%,1.78%,1.36%,-22.47%,-34.79%
44,2001-03-14,2006-03-30,14.48%,10.33%,2.72%,1.97%,-22.47%,-34.79%
45,2001-03-14,2006-07-28,17.19%,8.78%,3.0%,1.58%,-22.47%,-34.79%
46,2001-03-14,2006-11-24,26.62%,19.29%,4.23%,3.14%,-22.47%,-34.79%
47,2001-03-14,2007-03-23,31.32%,21.88%,4.62%,3.34%,-22.47%,-34.79%
48,2001-03-14,2007-07-23,37.9%,30.87%,5.18%,4.32%,-22.47%,-34.79%
49,2001-03-14,2007-11-20,25.41%,22.94%,3.44%,3.14%,-22.47%,-34.79%
50,2001-03-14,2008-03-19,16.02%,10.77%,2.14%,1.47%,-22.47%,-34.79%
51,2001-03-14,2008-07-17,16.02%,6.42%,2.04%,0.85%,-22.47%,-34.79%
52,2001-03-14,2008-11-14,16.02%,-26.37%,1.95%,-3.91%,-22.47%,-45.72%
53,2001-03-14,2009-03-13,16.02%,-35.33%,1.87%,-5.3%,-22.47%,-52.39%
54,2001-03-14,2009-07-10,16.64%,-25.24%,1.87%,-3.43%,-22.47%,-52.39%
55,2001-03-14,2009-11-09,42.81%,-6.87%,4.2%,-0.82%,-22.47%,-52.39%
56,2001-03-14,2010-03-09,50.43%,-2.71%,4.65%,-0.31%,-22.47%,-52.39%
57,2001-03-14,2010-07-07,38.76%,-9.81%,3.58%,-1.1%,-22.47%,-52.39%
58,2001-03-14,2010-11-04,44.69%,3.92%,3.9%,0.4%,-22.47%,-52.39%
59,2001-03-14,2011-03-04,57.18%,12.6%,4.64%,1.2%,-22.47%,-52.39%
60,2001-03-14,2011-07-01,60.48%,13.83%,4.7%,1.26%,-22.47%,-52.39%
61,2001-03-14,2011-10-28,38.84%,9.31%,3.14%,0.84%,-22.47%,-52.39%
62,2001-03-14,2012-02-27,39.91%,16.58%,3.11%,1.41%,-22.47%,-52.39%
63,2001-03-14,2012-06-26,33.96%,12.18%,2.62%,1.02%,-22.47%,-52.39%
64,2001-03-14,2012-10-24,40.98%,19.86%,3.0%,1.57%,-22.47%,-52.39%
65,2001-03-14,2013-02-21,48.75%,27.85%,3.38%,2.08%,-22.47%,-52.39%
66,2001-03-14,2013-06-21,57.36%,35.21%,3.76%,2.49%,-22.47%,-52.39%
67,2001-03-14,2013-10-18,76.09%,48.23%,4.59%,3.17%,-22.47%,-52.39%
68,2001-03-14,2014-02-14,88.01%,56.41%,5.0%,3.52%,-22.47%,-52.39%
69,2001-03-14,2014-06-16,95.35%,65.14%,5.18%,3.85%,-22.47%,-52.39%
70,2001-03-14,2014-10-14,89.14%,59.54%,4.8%,3.5%,-22.47%,-52.39%
71,2001-03-14,2003-12-11,-5.78%,-8.26%,-2.15%,-3.09%,-22.47%,-34.79%
72,2001-03-14,2004-04-08,-0.72%,-2.79%,-0.24%,-0.92%,-22.47%,-34.79%
73,2001-03-14,2004-08-06,-10.24%,-9.18%,-3.13%,-2.79%,-22.47%,-34.79%
74,2001-03-14,2004-12-03,2.17%,1.36%,0.58%,0.36%,-22.47%,-34.79%
75,2001-03-14,2005-04-04,3.07%,-0.02%,0.75%,-0.0%,-22.47%,-34.79%
76,2001-03-14,2005-08-02,8.09%,5.73%,1.79%,1.28%,-22.47%,-34.79%
77,2001-03-14,2005-11-30,8.66%,6.6%,1.78%,1.36%,-22.47%,-34.79%
78,2001-03-14,2006-03-30,14.48%,10.33%,2.72%,1.97%,-22.47%,-34.79%
79,2001-03-14,2006-07-28,17.19%,8.78%,3.0%,1.58%,-22.47%,-34.79%
80,2001-03-14,2006-11-24,26.62%,19.29%,4.23%,3.14%,-22.47%,-34.79%
81,2001-03-14,2007-03-23,31.32%,21.88%,4.62%,3.34%,-22.47%,-34.79%
82,2001-03-14,2007-07-23,37.9%,30.87%,5.18%,4.32%,-22.47%,-34.79%
83,2001-03-14,2007-11-20,25.41%,22.94%,3.44%,3.14%,-22.47%,-34.79%
84,2001-03-14,2008-03-19,16.02%,10.77%,2.14%,1.47%,-22.47%,-34.79%
85,2001-03-14,2008-07-17,16.02%,6.42%,2.04%,0.85%,-22.47%,-34.79%
86,2001-03-14,2008-11-14,16.02%,-26.37%,1.95%,-3.91%,-22.47%,-45.72%
87,2001-03-14,2009-03-13,16.02%,-35.33%,1.87%,-5.3%,-22.47%,-52.39%
88,2001-03-14,2009-07-10,16.64%,-25.24%,1.87%,-3.43%,-22.47%,-52.39%
89,2001-03-14,2009-11-09,42.81%,-6.87%,4.2%,-0.82%,-22.47%,-52.39%
90,2001-03-14,2010-03-09,50.43%,-2.71%,4.65%,-0.31%,-22.47%,-52.39%
91,2001-03-14,2010-07-07,38.76%,-9.81%,3.58%,-1.1%,-22.47%,-52.39%
92,2001-03-14,2010-11-04,44.69%,3.92%,3.9%,0.4%,-22.47%,-52.39%
93,2001-03-14,2011-03-04,57.18%,12.6%,4.64%,1.2%,-22.47%,-52.39%
94,2001-03-14,2011-07-01,60.48%,13.83%,4.7%,1.26%,-22.47%,-52.39%
95,2001-03-14,2011-10-28,38.84%,9.31%,3.14%,0.84%,-22.47%,-52.39%
96,2001-03-14,2012-02-27,39.91%,16.58%,3.11%,1.41%,-22.47%,-52.39%
97,2001-03-14,2012-06-26,33.96%,12.18%,2.62%,1.02%,-22.47%,-52.39%
98,2001-03-14,2012-10-24,40.98%,19.86%,3.0%,1.57%,-22.47%,-52.39%
99,2001-03-14,2013-02-21,48.75%,27.85%,3.38%,2.08%,-22.47%,-52.39%
100,2001-03-14,2013-06-21,57.36%,35.21%,3.76%,2.49%,-22.47%,-52.39%
101,2001-03-14,2013-10-18,76.09%,48.23%,4.59%,3.17%,-22.47%,-52.39%
102,2001-03-14,2014-02-14,88.01%,56.41%,5.0%,3.52%,-22.47%,-52.39%
103,2001-03-14,2014-06-16,95.35%,65.14%,5.18%,3.85%,-22.47%,-52.39%
104,2001-03-14,2014-10-14,89.14%,59.54%,4.8%,3.5%,-22.47%,-52.39%
105,2001-03-14,2004-04-08,-0.72%,-2.79%,-0.24%,-0.92%,-22.47%,-34.79%
106,2001-03-14,2004-08-06,-10.24%,-9.18%,-3.13%,-2.79%,-22.47%,-34.79%
107,2001-03-14,2004-12-03,2.17%,1.36%,0.58%,0.36%,-22.47%,-34.79%
108,2001-03-14,2005-04-04,3.07%,-0.02%,0.75%,-0.0%,-22.47%,-34.79%
109,2001-03-14,2005-08-02,8.09%,5.73%,1.79%,1.28%,-22.47%,-34.79%
110,2001-03-14,2005-11-30,8.66%,6.6%,1.78%,1.36%,-22.47%,-34.79%
111,2001-03-14,2006-03-30,14.48%,10.33%,2.72%,1.97%,-22.47%,-34.79%
112,2001-03-14,2006-07-28,17.19%,8.78%,3.0%,1.58%,-22.47%,-34.79%
113,2001-03-14,2006-11-24,26.62%,19.29%,4.23%,3.14%,-22.47%,-34.79%
114,2001-03-14,2007-03-23,31.32%,21.88%,4.62%,3.34%,-22.47%,-34.79%
115,2001-03-14,2007-07-23,37.9%,30.87%,5.18%,4.32%,-22.47%,-34.79%
116,2001-03-14,2007-11-20,25.41%,22.94%,3.44%,3.14%,-22.47%,-34.79%
117,2001-03-14,2008-03-19,16.02%,10.77%,2.14%,1.47%,-22.47%,-34.79%
118,2001-03-14,2008-07-17,16.02%,6.42%,2.04%,0.85%,-22.47%,-34.79%
119,2001-03-14,2008-11-14,16.02%,-26.37%,1.95%,-3.91%,-22.47%,-45.72%
120,2001-03-14,2009-03-13,16.02%,-35.33%,1.87%,-5.3%,-22.47%,-52.39%
121,2001-03-14,2009-07-10,16.64%,-25.24%,1.87%,-3.43%,-22.47%,-52.39%
122,2001-03-14,2009-11-09,42.81%,-6.87%,4.2%,-0.82%,-22.47%,-52.39%
123,2001-03-14,2010-03-09,50.43%,-2.71%,4.65%,-0.31%,-22.47%,-52.39%
124,2001-03-14,2010-07-07,38.76%,-9.81%,3.58%,-1.1%,-22.47%,-52.39%
125,2001-03-14,2010-11-04,44.69%,3.92%,3.9%,0.4%,-22.47%,-52.39%
126,2001-03-14,2011-03-04,57.18%,12.6%,4.64%,1.2%,-22.47%,-52.39%
127,2001-03-14,2011-07-01,60.48%,13.83%,4.7%,1.26%,-22.47%,-52.39%
128,2001-03-14,2011-10-28,38.84%,9.31%,3.14%,0.84%,-22.47%,-52.39%
129,2001-03-14,2012-02-27,39.91%,16.58%,3.11%,1.41%,-22.47%,-52.39%
130,2001-03-14,2012-06-26,33.96%,12.18%,2.62%,1.02%,-22.47%,-52.39%
131,2001-03-14,2012-10-24,40.98%,19.86%,3.0%,1.57%,-22.47%,-52.39%
132,2001-03-14,2013-02-21,48.75%,27.85%,3.38%,2.08%,-22.47%,-52.39%
133,2001-03-14,2013-06-21,57.36%,35.21%,3.76%,2.49%,-22.47%,-52.39%
134,2001-03-14,2013-10-18,76.09%,48.23%,4.59%,3.17%,-22.47%,-52.39%
135,2001-03-14,2014-02-14,88.01%,56.41%,5.0%,3.52%,-22.47%,-52.39%
136,2001-03-14,2014-06-16,95.35%,65.14%,5.18%,3.85%,-22.47%,-52.39%
137,2001-03-14,2014-10-14,89.14%,59.54%,4.8%,3.5%,-22.47%,-52.39%
138,2001-04-25,2004-08-06,-14.04%,-13.25%,-4.5%,-4.23%,-22.47%,-34.79%
139,2001-04-25,2004-12-03,-2.15%,-3.18%,-0.6%,-0.89%,-22.47%,-34.79%
140,2001-04-25,2005-04-04,-1.3%,-4.5%,-0.33%,-1.16%,-22.47%,-34.79%
141,2001-04-25,2005-08-02,3.52%,0.99%,0.81%,0.23%,-22.47%,-34.79%
142,2001-04-25,2005-11-30,4.06%,1.82%,0.87%,0.39%,-22.47%,-34.79%
143,2001-04-25,2006-03-30,9.64%,5.38%,1.88%,1.07%,-22.47%,-34.79%
144,2001-04-25,2006-07-28,12.23%,3.91%,2.22%,0.73%,-22.47%,-34.79%
145,2001-04-25,2006-11-24,21.26%,13.95%,3.51%,2.36%,-22.47%,-34.79%
146,2001-04-25,2007-03-23,25.76%,16.42%,3.95%,2.6%,-22.47%,-34.79%
147,2001-04-25,2007-07-23,32.06%,25.01%,4.55%,3.64%,-22.47%,-34.79%
148,2001-04-25,2007-11-20,20.11%,17.43%,2.83%,2.47%,-22.47%,-34.79%
149,2001-04-25,2008-03-19,11.11%,5.8%,1.54%,0.82%,-22.47%,-34.79%
150,2001-04-25,2008-07-17,11.11%,1.65%,1.47%,0.23%,-22.47%,-34.79%
151,2001-04-25,2008-11-14,11.11%,-29.67%,1.4%,-4.55%,-22.47%,-45.72%
152,2001-04-25,2009-03-13,11.11%,-38.22%,1.34%,-5.92%,-22.47%,-52.39%
153,2001-04-25,2009-07-10,11.71%,-28.59%,1.36%,-4.02%,-22.47%,-52.39%
154,2001-04-25,2009-11-09,36.77%,-11.04%,3.73%,-1.36%,-22.47%,-52.39%
155,2001-04-25,2010-03-09,44.07%,-7.07%,4.2%,-0.82%,-22.47%,-52.39%
156,2001-04-25,2010-07-07,32.89%,-13.85%,3.14%,-1.61%,-22.47%,-52.39%
157,2001-04-25,2010-11-04,38.56%,-0.74%,3.48%,-0.08%,-22.47%,-52.39%
158,2001-04-25,2011-03-04,50.53%,7.55%,4.23%,0.74%,-22.47%,-52.39%
159,2001-04-25,2011-07-01,53.69%,8.73%,4.31%,0.82%,-22.47%,-52.39%
160,2001-04-25,2011-10-28,32.97%,4.41%,2.75%,0.41%,-22.47%,-52.39%
161,2001-04-25,2012-02-27,33.99%,11.36%,2.73%,1.0%,-22.47%,-52.39%
162,2001-04-25,2012-06-26,28.29%,7.15%,2.25%,0.62%,-22.47%,-52.39%
163,2001-04-25,2012-10-24,35.01%,14.49%,2.64%,1.18%,-22.47%,-52.39%
164,2001-04-25,2013-02-21,42.46%,22.12%,3.04%,1.7%,-22.47%,-52.39%
165,2001-04-25,2013-06-21,50.7%,29.15%,3.43%,2.12%,-22.47%,-52.39%
166,2001-04-25,2013-10-18,68.64%,41.58%,4.27%,2.82%,-22.47%,-52.39%
167,2001-04-25,2014-02-14,80.05%,49.4%,4.7%,3.18%,-22.47%,-52.39%
168,2001-04-25,2014-06-16,87.09%,57.74%,4.88%,3.53%,-22.47%,-52.39%
169,2001-04-25,2014-10-14,81.14%,52.39%,4.51%,3.17%,-22.47%,-52.39%
170,2001-08-23,2004-12-03,-1.11%,2.27%,-0.34%,0.69%,-21.62%,-33.6%
171,2001-08-23,2005-04-04,-0.25%,0.88%,-0.07%,0.24%,-21.62%,-33.6%
172,2001-08-23,2005-08-02,4.62%,6.68%,1.15%,1.65%,-21.62%,-33.6%
173,2001-08-23,2005-11-30,5.16%,7.56%,1.18%,1.72%,-21.62%,-33.6%
174,2001-08-23,2006-03-30,10.8%,11.32%,2.25%,2.36%,-21.62%,-33.6%
175,2001-08-23,2006-07-28,13.42%,9.76%,2.59%,1.91%,-21.62%,-33.6%
176,2001-08-23,2006-11-24,22.55%,20.37%,3.94%,3.59%,-21.62%,-33.6%
177,2001-08-23,2007-03-23,27.1%,22.98%,4.39%,3.77%,-21.62%,-33.6%
178,2001-08-23,2007-07-23,33.46%,32.05%,5.0%,4.81%,-21.62%,-33.6%
179,2001-08-23,2007-11-20,21.38%,24.05%,3.15%,3.51%,-21.62%,-33.6%
180,2001-08-23,2008-03-19,12.29%,11.77%,1.78%,1.71%,-21.62%,-33.6%
181,2001-08-23,2008-07-17,12.29%,7.38%,1.69%,1.04%,-21.62%,-33.6%
182,2001-08-23,2008-11-14,12.29%,-25.71%,1.62%,-4.03%,-21.62%,-45.72%
183,2001-08-23,2009-03-13,12.29%,-34.74%,1.55%,-5.49%,-21.62%,-52.39%
184,2001-08-23,2009-07-10,12.89%,-24.56%,1.55%,-3.51%,-21.62%,-52.39%
185,2001-08-23,2009-11-09,38.22%,-6.03%,4.02%,-0.75%,-21.62%,-52.39%
186,2001-08-23,2010-03-09,45.59%,-1.84%,4.49%,-0.22%,-21.62%,-52.39%
187,2001-08-23,2010-07-07,34.3%,-9.0%,3.38%,-1.06%,-21.62%,-52.39%
188,2001-08-23,2010-11-04,40.03%,4.85%,3.73%,0.52%,-21.62%,-52.39%
189,2001-08-23,2011-03-04,52.12%,13.61%,4.5%,1.35%,-21.62%,-52.39%
190,2001-08-23,2011-07-01,55.32%,14.85%,4.57%,1.41%,-21.62%,-52.39%
191,2001-08-23,2011-10-28,34.38%,10.29%,2.94%,0.97%,-21.62%,-52.39%
192,2001-08-23,2012-02-27,35.41%,17.63%,2.92%,1.56%,-21.62%,-52.39%
193,2001-08-23,2012-06-26,29.65%,13.19%,2.42%,1.15%,-21.62%,-52.39%
194,2001-08-23,2012-10-24,36.44%,20.94%,2.82%,1.72%,-21.62%,-52.39%
195,2001-08-23,2013-02-21,43.97%,29.01%,3.22%,2.24%,-21.62%,-52.39%
196,2001-08-23,2013-06-21,52.3%,36.42%,3.62%,2.66%,-21.62%,-52.39%
197,2001-08-23,2013-10-18,70.43%,49.56%,4.48%,3.37%,-21.62%,-52.39%
198,2001-08-23,2014-02-14,81.96%,57.82%,4.91%,3.72%,-21.62%,-52.39%
199,2001-08-23,2014-06-16,89.07%,66.63%,5.09%,4.06%,-21.62%,-52.39%
200,2001-08-23,2014-10-14,83.06%,60.98%,4.71%,3.69%,-21.62%,-52.39%
201,2001-12-21,2005-04-04,1.95%,2.33%,0.59%,0.7%,-21.62%,-31.44%
202,2001-12-21,2005-08-02,6.92%,8.21%,1.87%,2.21%,-21.62%,-31.44%
203,2001-12-21,2005-11-30,7.48%,9.1%,1.85%,2.23%,-21.62%,-31.44%
204,2001-12-21,2006-03-30,13.24%,12.92%,2.95%,2.88%,-21.62%,-31.44%
205,2001-12-21,2006-07-28,15.92%,11.34%,3.26%,2.36%,-21.62%,-31.44%
206,2001-12-21,2006-11-24,25.25%,22.1%,4.67%,4.13%,-21.62%,-31.44%
207,2001-12-21,2007-03-23,29.9%,24.74%,5.1%,4.3%,-21.62%,-31.44%
208,2001-12-21,2007-07-23,36.4%,33.95%,5.71%,5.37%,-21.62%,-31.44%
209,2001-12-21,2007-11-20,24.06%,25.83%,3.71%,3.96%,-21.62%,-31.44%
210,2001-12-21,2008-03-19,14.76%,13.37%,2.23%,2.03%,-21.62%,-31.44%
211,2001-12-21,2008-07-17,14.76%,8.92%,2.12%,1.31%,-21.62%,-31.44%
212,2001-12-21,2008-11-14,14.76%,-24.65%,2.01%,-4.02%,-21.62%,-45.72%
213,2001-12-21,2009-03-13,14.76%,-33.81%,1.92%,-5.55%,-21.62%,-52.39%
214,2001-12-21,2009-07-10,15.38%,-23.48%,1.91%,-3.48%,-21.62%,-52.39%
215,2001-12-21,2009-11-09,41.26%,-4.68%,4.48%,-0.61%,-21.62%,-52.39%
216,2001-12-21,2010-03-09,48.8%,-0.43%,4.95%,-0.05%,-21.62%,-52.39%
217,2001-12-21,2010-07-07,37.26%,-7.69%,3.77%,-0.93%,-21.62%,-52.39%
218,2001-12-21,2010-11-04,43.12%,6.36%,4.12%,0.7%,-21.62%,-52.39%
219,2001-12-21,2011-03-04,55.48%,15.24%,4.91%,1.55%,-21.62%,-52.39%
220,2001-12-21,2011-07-01,58.74%,16.5%,4.97%,1.62%,-21.62%,-52.39%
221,2001-12-21,2011-10-28,37.34%,11.87%,3.27%,1.14%,-21.62%,-52.39%
222,2001-12-21,2012-02-27,38.39%,19.32%,3.24%,1.75%,-21.62%,-52.39%
223,2001-12-21,2012-06-26,32.51%,14.82%,2.71%,1.32%,-21.62%,-52.39%
224,2001-12-21,2012-10-24,39.45%,22.68%,3.11%,1.9%,-21.62%,-52.39%
225,2001-12-21,2013-02-21,47.14%,30.86%,3.52%,2.44%,-21.62%,-52.39%
226,2001-12-21,2013-06-21,55.65%,38.38%,3.92%,2.86%,-21.62%,-52.39%
227,2001-12-21,2013-10-18,74.19%,51.71%,4.8%,3.59%,-21.62%,-52.39%
228,2001-12-21,2014-02-14,85.97%,60.09%,5.24%,3.95%,-21.62%,-52.39%
229,2001-12-21,2014-06-16,93.24%,69.02%,5.41%,4.29%,-21.62%,-52.39%
230,2001-12-21,2014-10-14,87.09%,63.29%,5.01%,3.9%,-21.62%,-52.39%
231,2002-04-22,2005-08-02,6.92%,12.06%,2.06%,3.53%,-21.62%,-20.5%
232,2002-04-22,2005-11-30,7.48%,12.98%,2.02%,3.44%,-21.62%,-20.5%
233,2002-04-22,2006-03-30,13.24%,16.94%,3.21%,4.05%,-21.62%,-20.5%
234,2002-04-22,2006-07-28,15.92%,15.3%,3.52%,3.39%,-21.62%,-20.5%
235,2002-04-22,2006-11-24,25.25%,26.44%,5.02%,5.24%,-21.62%,-20.5%
236,2002-04-22,2007-03-23,29.9%,29.18%,5.46%,5.34%,-21.62%,-20.5%
237,2002-04-22,2007-07-23,36.4%,38.71%,6.09%,6.43%,-21.62%,-20.5%
238,2002-04-22,2007-11-20,24.06%,30.31%,3.94%,4.86%,-21.62%,-20.5%
239,2002-04-22,2008-03-19,14.76%,17.41%,2.36%,2.75%,-21.62%,-20.5%
240,2002-04-22,2008-07-17,14.76%,12.79%,2.23%,1.95%,-21.62%,-22.68%
241,2002-04-22,2008-11-14,14.76%,-21.96%,2.12%,-3.7%,-21.62%,-45.72%
242,2002-04-22,2009-03-13,14.76%,-31.45%,2.02%,-5.33%,-21.62%,-52.39%
243,2002-04-22,2009-07-10,15.38%,-20.76%,2.0%,-3.17%,-21.62%,-52.39%
244,2002-04-22,2009-11-09,41.26%,-1.29%,4.68%,-0.17%,-21.62%,-52.39%
245,2002-04-22,2010-03-09,48.8%,3.12%,5.17%,0.39%,-21.62%,-52.39%
246,2002-04-22,2010-07-07,37.26%,-4.41%,3.93%,-0.55%,-21.62%,-52.39%
247,2002-04-22,2010-11-04,43.12%,10.14%,4.29%,1.14%,-21.62%,-52.39%
248,2002-04-22,2011-03-04,55.48%,19.34%,5.1%,2.01%,-21.62%,-52.39%
249,2002-04-22,2011-07-01,58.74%,20.65%,5.15%,2.06%,-21.62%,-52.39%
250,2002-04-22,2011-10-28,37.34%,15.86%,3.39%,1.56%,-21.62%,-52.39%
251,2002-04-22,2012-02-27,38.39%,23.57%,3.35%,2.17%,-21.62%,-52.39%
252,2002-04-22,2012-06-26,32.51%,18.9%,2.8%,1.71%,-21.62%,-52.39%
253,2002-04-22,2012-10-24,39.45%,27.05%,3.21%,2.3%,-21.62%,-52.39%
254,2002-04-22,2013-02-21,47.14%,35.51%,3.63%,2.84%,-21.62%,-52.39%
255,2002-04-22,2013-06-21,55.65%,43.31%,4.04%,3.27%,-21.62%,-52.39%
256,2002-04-22,2013-10-18,74.19%,57.11%,4.94%,4.01%,-21.62%,-52.39%
257,2002-04-22,2014-02-14,85.97%,65.78%,5.39%,4.37%,-21.62%,-52.39%
258,2002-04-22,2014-06-16,93.24%,75.04%,5.57%,4.71%,-21.62%,-52.39%
259,2002-04-22,2014-10-14,87.09%,69.1%,5.14%,4.3%,-21.62%,-52.39%
260,2002-08-19,2005-11-30,32.06%,31.46%,8.83%,8.68%,-11.5%,-8.19%
261,2002-08-19,2006-03-30,39.14%,36.06%,9.57%,8.89%,-11.5%,-8.19%
262,2002-08-19,2006-07-28,42.43%,34.15%,9.39%,7.74%,-11.5%,-8.19%
263,2002-08-19,2006-11-24,53.89%,47.12%,10.63%,9.47%,-11.5%,-8.19%
264,2002-08-19,2007-03-23,59.6%,50.3%,10.71%,9.27%,-11.5%,-8.19%
265,2002-08-19,2007-07-23,67.6%,61.39%,11.05%,10.2%,-11.5%,-8.19%
266,2002-08-19,2007-11-20,52.43%,51.61%,8.35%,8.24%,-11.5%,-9.05%
267,2002-08-19,2008-03-19,41.01%,36.6%,6.35%,5.74%,-19.46%,-18.2%
268,2002-08-19,2008-07-17,41.01%,31.24%,5.98%,4.7%,-19.46%,-22.68%
269,2002-08-19,2008-11-14,41.01%,-9.2%,5.66%,-1.53%,-19.46%,-45.72%
270,2002-08-19,2009-03-13,41.01%,-20.24%,5.37%,-3.38%,-19.46%,-52.39%
271,2002-08-19,2009-07-10,41.76%,-7.8%,5.19%,-1.17%,-19.46%,-52.39%
272,2002-08-19,2009-11-09,73.57%,14.85%,7.92%,1.93%,-19.46%,-52.39%
273,2002-08-19,2010-03-09,82.83%,19.98%,8.31%,2.44%,-19.46%,-52.39%
274,2002-08-19,2010-07-07,68.65%,11.23%,6.85%,1.36%,-19.46%,-52.39%
275,2002-08-19,2010-11-04,75.85%,28.16%,7.11%,3.07%,-19.46%,-52.39%
276,2002-08-19,2011-03-04,91.03%,38.86%,7.87%,3.92%,-19.46%,-52.39%
277,2002-08-19,2011-07-01,95.04%,40.38%,7.82%,3.9%,-19.46%,-52.39%
278,2002-08-19,2011-10-28,68.74%,34.8%,5.85%,3.3%,-19.46%,-52.39%
279,2002-08-19,2012-02-27,70.04%,43.77%,5.73%,3.88%,-19.46%,-52.39%
280,2002-08-19,2012-06-26,62.81%,38.34%,5.07%,3.35%,-19.52%,-52.39%
281,2002-08-19,2012-10-24,71.34%,47.82%,5.43%,3.91%,-19.52%,-52.39%
282,2002-08-19,2013-02-21,80.79%,57.67%,5.79%,4.42%,-19.52%,-52.39%
283,2002-08-19,2013-06-21,91.25%,66.74%,6.16%,4.83%,-19.52%,-52.39%
284,2002-08-19,2013-10-18,114.02%,82.8%,7.05%,5.55%,-19.52%,-52.39%
285,2002-08-19,2014-02-14,128.51%,92.89%,7.45%,5.88%,-19.52%,-52.39%
286,2002-08-19,2014-06-16,137.43%,103.66%,7.58%,6.2%,-19.52%,-52.39%
287,2002-08-19,2014-10-14,129.88%,96.75%,7.08%,5.72%,-19.52%,-52.39%
288,2002-12-16,2006-03-30,39.14%,41.63%,10.57%,11.17%,-11.5%,-8.19%
289,2002-12-16,2006-07-28,42.43%,39.64%,10.27%,9.67%,-11.5%,-8.19%
290,2002-12-16,2006-11-24,53.89%,53.14%,11.55%,11.42%,-11.5%,-8.19%
291,2002-12-16,2007-03-23,59.6%,56.45%,11.58%,11.06%,-11.5%,-8.19%
292,2002-12-16,2007-07-23,67.6%,68.0%,11.87%,11.93%,-11.5%,-8.19%
293,2002-12-16,2007-11-20,52.43%,57.82%,8.92%,9.69%,-11.5%,-9.05%
294,2002-12-16,2008-03-19,41.01%,42.19%,6.75%,6.92%,-19.46%,-18.2%
295,2002-12-16,2008-07-17,41.01%,36.61%,6.34%,5.74%,-19.46%,-22.68%
296,2002-12-16,2008-11-14,41.01%,-5.49%,5.98%,-0.95%,-19.46%,-45.72%
297,2002-12-16,2009-03-13,41.01%,-16.98%,5.66%,-2.94%,-19.46%,-52.39%
298,2002-12-16,2009-07-10,41.76%,-4.03%,5.46%,-0.62%,-19.46%,-52.39%
299,2002-12-16,2009-11-09,73.57%,19.55%,8.31%,2.62%,-19.46%,-52.39%
300,2002-12-16,2010-03-09,82.83%,24.89%,8.7%,3.12%,-19.46%,-52.39%
301,2002-12-16,2010-07-07,68.65%,15.78%,7.16%,1.96%,-19.46%,-52.39%
302,2002-12-16,2010-11-04,75.85%,33.4%,7.42%,3.72%,-19.46%,-52.39%
303,2002-12-16,2011-03-04,91.03%,44.54%,8.19%,4.58%,-19.46%,-52.39%
304,2002-12-16,2011-07-01,95.04%,46.12%,8.13%,4.54%,-19.46%,-52.39%
305,2002-12-16,2011-10-28,68.74%,40.32%,6.08%,3.89%,-19.46%,-52.39%
306,2002-12-16,2012-02-27,70.04%,49.66%,5.94%,4.48%,-19.46%,-52.39%
307,2002-12-16,2012-06-26,62.81%,44.0%,5.25%,3.9%,-19.52%,-52.39%
308,2002-12-16,2012-10-24,71.34%,53.87%,5.61%,4.47%,-19.52%,-52.39%
309,2002-12-16,2013-02-21,80.79%,64.12%,5.98%,4.98%,-19.52%,-52.39%
310,2002-12-16,2013-06-21,91.25%,73.56%,6.36%,5.38%,-19.52%,-52.39%
311,2002-12-16,2013-10-18,114.02%,90.28%,7.27%,6.11%,-19.52%,-52.39%
312,2002-12-16,2014-02-14,128.51%,100.79%,7.68%,6.44%,-19.52%,-52.39%
313,2002-12-16,2014-06-16,137.43%,111.99%,7.8%,6.75%,-19.52%,-52.39%
314,2002-12-16,2014-10-14,129.88%,104.8%,7.29%,6.24%,-19.52%,-52.39%
315,2003-04-15,2006-07-28,42.43%,42.55%,11.36%,11.39%,-11.5%,-8.19%
316,2003-04-15,2006-11-24,53.89%,56.33%,12.67%,13.16%,-11.5%,-8.19%
317,2003-04-15,2007-03-23,59.6%,59.71%,12.6%,12.62%,-11.5%,-8.19%
318,2003-04-15,2007-07-23,67.6%,71.5%,12.84%,13.45%,-11.5%,-8.19%
319,2003-04-15,2007-11-20,52.43%,61.1%,9.59%,10.92%,-11.5%,-9.05%
320,2003-04-15,2008-03-19,41.01%,45.15%,7.22%,7.85%,-19.46%,-18.2%
321,2003-04-15,2008-07-17,41.01%,39.45%,6.75%,6.53%,-19.46%,-22.68%
322,2003-04-15,2008-11-14,41.01%,-3.52%,6.34%,-0.64%,-19.46%,-45.72%
323,2003-04-15,2009-03-13,41.01%,-15.25%,5.98%,-2.76%,-19.46%,-52.39%
324,2003-04-15,2009-07-10,41.76%,-2.03%,5.75%,-0.33%,-19.46%,-52.39%
325,2003-04-15,2009-11-09,73.57%,22.04%,8.75%,3.08%,-19.46%,-52.39%
326,2003-04-15,2010-03-09,82.83%,27.49%,9.13%,3.58%,-19.46%,-52.39%
327,2003-04-15,2010-07-07,68.65%,18.19%,7.49%,2.34%,-19.46%,-52.39%
328,2003-04-15,2010-11-04,75.85%,36.18%,7.75%,4.17%,-19.46%,-52.39%
329,2003-04-15,2011-03-04,91.03%,47.55%,8.55%,5.05%,-19.46%,-52.39%
330,2003-04-15,2011-07-01,95.04%,49.16%,8.47%,4.99%,-19.46%,-52.39%
331,2003-04-15,2011-10-28,68.74%,43.24%,6.32%,4.3%,-19.46%,-52.39%
332,2003-04-15,2012-02-27,70.04%,52.77%,6.16%,4.89%,-19.46%,-52.39%
333,2003-04-15,2012-06-26,62.81%,47.0%,5.44%,4.27%,-19.52%,-52.39%
334,2003-04-15,2012-10-24,71.34%,57.07%,5.81%,4.85%,-19.52%,-52.39%
335,2003-04-15,2013-02-21,80.79%,67.54%,6.19%,5.37%,-19.52%,-52.39%
336,2003-04-15,2013-06-21,91.25%,77.18%,6.57%,5.77%,-19.52%,-52.39%
337,2003-04-15,2013-10-18,114.02%,94.24%,7.5%,6.52%,-19.52%,-52.39%
338,2003-04-15,2014-02-14,128.51%,104.97%,7.92%,6.84%,-19.52%,-52.39%
339,2003-04-15,2014-06-16,137.43%,116.41%,8.04%,7.15%,-19.52%,-52.39%
340,2003-04-15,2014-10-14,129.88%,109.07%,7.5%,6.62%,-19.52%,-52.39%
341,2003-08-13,2006-11-24,47.15%,41.71%,12.48%,11.2%,-11.5%,-8.08%
342,2003-08-13,2007-03-23,52.61%,44.78%,12.42%,10.79%,-11.5%,-8.08%
343,2003-08-13,2007-07-23,60.25%,55.46%,12.7%,11.83%,-11.5%,-8.08%
344,2003-08-13,2007-11-20,45.74%,46.04%,9.21%,9.27%,-11.5%,-9.05%
345,2003-08-13,2008-03-19,34.83%,31.58%,6.71%,6.14%,-19.46%,-18.2%
346,2003-08-13,2008-07-17,34.83%,26.41%,6.25%,4.87%,-19.46%,-22.68%
347,2003-08-13,2008-11-14,34.83%,-12.54%,5.85%,-2.52%,-19.46%,-45.72%
348,2003-08-13,2009-03-13,34.83%,-23.17%,5.49%,-4.61%,-19.46%,-52.39%
349,2003-08-13,2009-07-10,35.55%,-11.19%,5.28%,-1.99%,-19.46%,-52.39%
350,2003-08-13,2009-11-09,65.96%,10.63%,8.45%,1.63%,-19.46%,-52.39%
351,2003-08-13,2010-03-09,74.82%,15.57%,8.87%,2.23%,-19.46%,-52.39%
352,2003-08-13,2010-07-07,61.26%,7.14%,7.17%,1.0%,-19.46%,-52.39%
353,2003-08-13,2010-11-04,68.14%,23.45%,7.45%,2.95%,-19.46%,-52.39%
354,2003-08-13,2011-03-04,82.66%,33.75%,8.29%,3.92%,-19.46%,-52.39%
355,2003-08-13,2011-07-01,86.49%,35.22%,8.22%,3.9%,-19.46%,-52.39%
356,2003-08-13,2011-10-28,61.35%,29.85%,6.0%,3.23%,-19.46%,-52.39%
357,2003-08-13,2012-02-27,62.59%,38.49%,5.85%,3.88%,-19.46%,-52.39%
358,2003-08-13,2012-06-26,55.68%,33.26%,5.11%,3.29%,-19.52%,-52.39%
359,2003-08-13,2012-10-24,63.83%,42.39%,5.51%,3.91%,-19.52%,-52.39%
360,2003-08-13,2013-02-21,72.87%,51.88%,5.91%,4.48%,-19.52%,-52.39%
361,2003-08-13,2013-06-21,82.87%,60.61%,6.31%,4.92%,-19.52%,-52.39%
362,2003-08-13,2013-10-18,104.64%,76.08%,7.28%,5.71%,-19.52%,-52.39%
363,2003-08-13,2014-02-14,118.49%,85.8%,7.72%,6.07%,-19.52%,-52.39%
364,2003-08-13,2014-06-16,127.02%,96.17%,7.85%,6.41%,-19.52%,-52.39%
365,2003-08-13,2014-10-14,119.8%,89.52%,7.3%,5.89%,-19.52%,-52.39%
366,2003-12-11,2007-03-23,39.38%,32.85%,10.64%,9.04%,-7.52%,-7.59%
367,2003-12-11,2007-07-23,46.36%,42.66%,11.11%,10.32%,-7.52%,-7.59%
368,2003-12-11,2007-11-20,33.11%,34.01%,7.52%,7.7%,-11.02%,-9.05%
369,2003-12-11,2008-03-19,23.14%,20.74%,4.99%,4.51%,-19.46%,-18.2%
370,2003-12-11,2008-07-17,23.14%,16.0%,4.63%,3.28%,-19.46%,-22.68%
371,2003-12-11,2008-11-14,23.14%,-19.74%,4.31%,-4.36%,-19.46%,-45.72%
372,2003-12-11,2009-03-13,23.14%,-29.5%,4.04%,-6.43%,-19.46%,-52.39%
373,2003-12-11,2009-07-10,23.8%,-18.5%,3.9%,-3.6%,-19.46%,-52.39%
374,2003-12-11,2009-11-09,51.57%,1.52%,7.28%,0.26%,-19.46%,-52.39%
375,2003-12-11,2010-03-09,59.66%,6.05%,7.78%,0.94%,-19.46%,-52.39%
376,2003-12-11,2010-07-07,47.28%,-1.69%,6.06%,-0.26%,-19.46%,-52.39%
377,2003-12-11,2010-11-04,53.56%,13.28%,6.41%,1.82%,-19.46%,-52.39%
378,2003-12-11,2011-03-04,66.82%,22.74%,7.33%,2.87%,-19.46%,-52.39%
379,2003-12-11,2011-07-01,70.32%,24.08%,7.3%,2.9%,-19.46%,-52.39%
380,2003-12-11,2011-10-28,47.36%,19.15%,5.04%,2.25%,-19.46%,-52.39%
381,2003-12-11,2012-02-27,48.49%,27.08%,4.93%,2.96%,-19.46%,-52.39%
382,2003-12-11,2012-06-26,42.18%,22.28%,4.2%,2.38%,-19.52%,-52.39%
383,2003-12-11,2012-10-24,49.63%,30.66%,4.64%,3.06%,-19.52%,-52.39%
384,2003-12-11,2013-02-21,57.88%,39.37%,5.09%,3.67%,-19.52%,-52.39%
385,2003-12-11,2013-06-21,67.01%,47.38%,5.53%,4.15%,-19.52%,-52.39%
386,2003-12-11,2013-10-18,86.9%,61.58%,6.55%,4.99%,-19.52%,-52.39%
387,2003-12-11,2014-02-14,99.55%,70.5%,7.02%,5.38%,-19.52%,-52.39%
388,2003-12-11,2014-06-16,107.34%,80.01%,7.18%,5.75%,-19.52%,-52.39%
389,2003-12-11,2014-10-14,100.75%,73.91%,6.63%,5.23%,-19.52%,-52.39%
390,2004-04-12,2007-07-23,45.73%,34.1%,12.17%,9.36%,-7.52%,-7.59%
391,2004-04-12,2007-11-20,32.54%,25.97%,8.12%,6.61%,-11.02%,-9.05%
392,2004-04-12,2008-03-19,22.61%,13.5%,5.31%,3.27%,-19.46%,-18.2%
393,2004-04-12,2008-07-17,22.61%,9.04%,4.89%,2.05%,-19.46%,-22.68%
394,2004-04-12,2008-11-14,22.61%,-24.56%,4.54%,-5.95%,-19.46%,-45.72%
395,2004-04-12,2009-03-13,22.61%,-33.73%,4.23%,-8.02%,-19.46%,-52.39%
396,2004-04-12,2009-07-10,23.27%,-23.39%,4.07%,-4.95%,-19.46%,-52.39%
397,2004-04-12,2009-11-09,50.92%,-4.57%,7.65%,-0.84%,-19.46%,-52.39%
398,2004-04-12,2010-03-09,58.98%,-0.31%,8.16%,-0.05%,-19.46%,-52.39%
399,2004-04-12,2010-07-07,46.65%,-7.59%,6.33%,-1.26%,-19.46%,-52.39%
400,2004-04-12,2010-11-04,52.9%,6.48%,6.68%,0.96%,-19.46%,-52.39%
401,2004-04-12,2011-03-04,66.11%,15.37%,7.64%,2.1%,-19.46%,-52.39%
402,2004-04-12,2011-07-01,69.59%,16.63%,7.59%,2.15%,-19.46%,-52.39%
403,2004-04-12,2011-10-28,46.73%,12.0%,5.21%,1.51%,-19.46%,-52.39%
404,2004-04-12,2012-02-27,47.86%,19.46%,5.09%,2.28%,-19.46%,-52.39%
405,2004-04-12,2012-06-26,41.57%,14.95%,4.32%,1.71%,-19.52%,-52.39%
406,2004-04-12,2012-10-24,48.98%,22.82%,4.78%,2.44%,-19.52%,-52.39%
407,2004-04-12,2013-02-21,57.2%,31.01%,5.23%,3.09%,-19.52%,-52.39%
408,2004-04-12,2013-06-21,66.3%,38.54%,5.69%,3.61%,-19.52%,-52.39%
409,2004-04-12,2013-10-18,86.1%,51.88%,6.74%,4.49%,-19.52%,-52.39%
410,2004-04-12,2014-02-14,98.69%,60.27%,7.22%,4.91%,-19.52%,-52.39%
411,2004-04-12,2014-06-16,106.45%,69.21%,7.38%,5.3%,-19.52%,-52.39%
412,2004-04-12,2014-10-14,99.89%,63.47%,6.81%,4.79%,-19.52%,-52.39%
413,2004-08-09,2007-11-20,39.24%,35.18%,10.61%,9.62%,-11.02%,-9.05%
414,2004-08-09,2008-03-19,28.82%,21.79%,7.26%,5.61%,-19.46%,-18.2%
415,2004-08-09,2008-07-17,28.82%,17.01%,6.64%,4.07%,-19.46%,-22.68%
416,2004-08-09,2008-11-14,28.82%,-19.05%,6.11%,-4.83%,-19.46%,-45.72%
417,2004-08-09,2009-03-13,28.82%,-28.89%,5.67%,-7.15%,-19.46%,-52.39%
418,2004-08-09,2009-07-10,29.5%,-17.79%,5.39%,-3.9%,-19.46%,-52.39%
419,2004-08-09,2009-11-09,58.56%,2.4%,9.17%,0.45%,-19.46%,-52.39%
420,2004-08-09,2010-03-09,67.02%,6.97%,9.62%,1.21%,-19.46%,-52.39%
421,2004-08-09,2010-07-07,54.07%,-0.83%,7.58%,-0.14%,-19.46%,-52.39%
422,2004-08-09,2010-11-04,60.64%,14.26%,7.89%,2.16%,-19.46%,-52.39%
423,2004-08-09,2011-03-04,74.51%,23.8%,8.85%,3.3%,-19.46%,-52.39%
424,2004-08-09,2011-07-01,78.18%,25.16%,8.74%,3.31%,-19.46%,-52.39%
425,2004-08-09,2011-10-28,54.15%,20.19%,6.18%,2.58%,-19.46%,-52.39%
426,2004-08-09,2012-02-27,55.34%,28.19%,6.0%,3.34%,-19.46%,-52.39%
427,2004-08-09,2012-06-26,48.73%,23.35%,5.16%,2.7%,-19.52%,-52.39%
428,2004-08-09,2012-10-24,56.52%,31.79%,5.61%,3.42%,-19.52%,-52.39%
429,2004-08-09,2013-02-21,65.16%,40.58%,6.05%,4.07%,-19.52%,-52.39%
430,2004-08-09,2013-06-21,74.71%,48.66%,6.49%,4.57%,-19.52%,-52.39%
431,2004-08-09,2013-10-18,95.51%,62.98%,7.56%,5.45%,-19.52%,-52.39%
432,2004-08-09,2014-02-14,108.74%,71.98%,8.03%,5.86%,-19.52%,-52.39%
433,2004-08-09,2014-06-16,116.9%,81.58%,8.17%,6.24%,-19.52%,-52.39%
434,2004-08-09,2014-10-14,110.0%,75.42%,7.56%,5.67%,-19.52%,-52.39%
435,2004-12-06,2008-03-19,13.64%,9.32%,3.97%,2.75%,-19.46%,-18.2%
436,2004-12-06,2008-07-17,13.64%,5.02%,3.6%,1.37%,-19.46%,-22.68%
437,2004-12-06,2008-11-14,13.64%,-27.34%,3.3%,-7.78%,-19.46%,-45.72%
438,2004-12-06,2009-03-13,13.64%,-36.17%,3.04%,-9.98%,-19.46%,-52.39%
439,2004-12-06,2009-07-10,14.25%,-26.21%,2.94%,-6.4%,-19.46%,-52.39%
440,2004-12-06,2009-11-09,39.88%,-8.09%,7.05%,-1.7%,-19.46%,-52.39%
441,2004-12-06,2010-03-09,47.34%,-3.98%,7.65%,-0.77%,-19.46%,-52.39%
442,2004-12-06,2010-07-07,35.92%,-10.99%,5.65%,-2.06%,-19.46%,-52.39%
443,2004-12-06,2010-11-04,41.72%,2.56%,6.07%,0.43%,-19.46%,-52.39%
444,2004-12-06,2011-03-04,53.95%,11.12%,7.15%,1.7%,-19.46%,-52.39%
445,2004-12-06,2011-07-01,57.18%,12.34%,7.13%,1.79%,-19.46%,-52.39%
446,2004-12-06,2011-10-28,35.99%,7.88%,4.56%,1.11%,-19.46%,-52.39%
447,2004-12-06,2012-02-27,37.04%,15.06%,4.45%,1.96%,-19.46%,-52.39%
448,2004-12-06,2012-06-26,31.21%,10.71%,3.66%,1.36%,-19.52%,-52.39%
449,2004-12-06,2012-10-24,38.08%,18.3%,4.18%,2.15%,-19.52%,-52.39%
450,2004-12-06,2013-02-21,45.7%,26.18%,4.69%,2.87%,-19.52%,-52.39%
451,2004-12-06,2013-06-21,54.13%,33.44%,5.19%,3.43%,-19.52%,-52.39%
452,2004-12-06,2013-10-18,72.48%,46.29%,6.34%,4.38%,-19.52%,-52.39%
453,2004-12-06,2014-02-14,84.15%,54.37%,6.86%,4.83%,-19.52%,-52.39%
454,2004-12-06,2014-06-16,91.34%,62.98%,7.05%,5.26%,-19.52%,-52.39%
455,2004-12-06,2014-10-14,85.26%,57.45%,6.45%,4.71%,-19.52%,-52.39%
456,2005-04-04,2008-07-17,12.57%,6.44%,3.67%,1.92%,-19.46%,-22.68%
457,2005-04-04,2008-11-14,12.57%,-26.36%,3.33%,-8.11%,-19.46%,-45.72%
458,2005-04-04,2009-03-13,12.57%,-35.31%,3.05%,-10.46%,-19.46%,-52.39%
459,2005-04-04,2009-07-10,13.17%,-25.22%,2.94%,-6.58%,-19.46%,-52.39%
460,2005-04-04,2009-11-09,38.56%,-6.85%,7.34%,-1.53%,-19.46%,-52.39%
461,2005-04-04,2010-03-09,45.96%,-2.69%,7.97%,-0.55%,-19.46%,-52.39%
462,2005-04-04,2010-07-07,34.64%,-9.79%,5.82%,-1.94%,-19.46%,-52.39%
463,2005-04-04,2010-11-04,40.38%,3.94%,6.26%,0.69%,-19.46%,-52.39%
464,2005-04-04,2011-03-04,52.5%,12.62%,7.39%,2.03%,-19.46%,-52.39%
465,2005-04-04,2011-07-01,55.7%,13.85%,7.35%,2.1%,-19.46%,-52.39%
466,2005-04-04,2011-10-28,34.71%,9.33%,4.64%,1.37%,-19.46%,-52.39%
467,2005-04-04,2012-02-27,35.75%,16.6%,4.53%,2.25%,-19.46%,-52.39%
468,2005-04-04,2012-06-26,29.98%,12.2%,3.69%,1.6%,-19.52%,-52.39%
469,2005-04-04,2012-10-24,36.78%,19.88%,4.23%,2.43%,-19.52%,-52.39%
470,2005-04-04,2013-02-21,44.33%,27.88%,4.76%,3.17%,-19.52%,-52.39%
471,2005-04-04,2013-06-21,52.68%,35.23%,5.28%,3.74%,-19.52%,-52.39%
472,2005-04-04,2013-10-18,70.86%,48.25%,6.47%,4.72%,-19.52%,-52.39%
473,2005-04-04,2014-02-14,82.42%,56.44%,7.01%,5.17%,-19.52%,-52.39%
474,2005-04-04,2014-06-16,89.54%,65.17%,7.19%,5.6%,-19.52%,-52.39%
475,2005-04-04,2014-10-14,83.52%,59.57%,6.58%,5.02%,-19.52%,-52.39%
476,2005-08-02,2008-11-14,7.33%,-30.36%,2.18%,-10.42%,-19.46%,-45.72%
477,2005-08-02,2009-03-13,7.33%,-38.83%,1.98%,-12.72%,-19.46%,-52.39%
478,2005-08-02,2009-07-10,7.91%,-29.29%,1.95%,-8.42%,-19.46%,-52.39%
479,2005-08-02,2009-11-09,32.12%,-11.91%,6.73%,-2.92%,-19.46%,-52.39%
480,2005-08-02,2010-03-09,39.17%,-7.98%,7.44%,-1.79%,-19.46%,-52.39%
481,2005-08-02,2010-07-07,28.37%,-14.7%,5.2%,-3.17%,-19.46%,-52.39%
482,2005-08-02,2010-11-04,33.85%,-1.71%,5.7%,-0.33%,-19.46%,-52.39%
483,2005-08-02,2011-03-04,45.41%,6.5%,6.93%,1.13%,-19.46%,-52.39%
484,2005-08-02,2011-07-01,48.46%,7.66%,6.91%,1.26%,-19.46%,-52.39%
485,2005-08-02,2011-10-28,28.44%,3.38%,4.09%,0.53%,-19.46%,-52.39%
486,2005-08-02,2012-02-27,29.43%,10.27%,4.0%,1.5%,-19.46%,-52.39%
487,2005-08-02,2012-06-26,23.93%,6.1%,3.16%,0.86%,-19.52%,-52.39%
488,2005-08-02,2012-10-24,30.42%,13.37%,3.74%,1.75%,-19.52%,-52.39%
489,2005-08-02,2013-02-21,37.62%,20.93%,4.31%,2.54%,-19.52%,-52.39%
490,2005-08-02,2013-06-21,45.58%,27.88%,4.87%,3.17%,-19.52%,-52.39%
491,2005-08-02,2013-10-18,62.91%,40.2%,6.12%,4.2%,-19.52%,-52.39%
492,2005-08-02,2014-02-14,73.93%,47.94%,6.69%,4.69%,-19.52%,-52.39%
493,2005-08-02,2014-06-16,80.73%,56.19%,6.89%,5.15%,-19.52%,-52.39%
494,2005-08-02,2014-10-14,74.98%,50.9%,6.27%,4.57%,-19.52%,-52.39%
495,2005-11-30,2009-03-13,-4.65%,-39.33%,-1.44%,-14.11%,-19.46%,-52.39%
496,2005-11-30,2009-07-10,-4.14%,-29.86%,-1.16%,-9.36%,-19.46%,-52.39%
497,2005-11-30,2009-11-09,17.37%,-12.63%,4.14%,-3.36%,-19.46%,-52.39%
498,2005-11-30,2010-03-09,23.63%,-8.73%,5.09%,-2.11%,-19.46%,-52.39%
499,2005-11-30,2010-07-07,14.05%,-15.39%,2.9%,-3.57%,-19.46%,-52.39%
500,2005-11-30,2010-11-04,18.91%,-2.51%,3.57%,-0.51%,-19.46%,-52.39%
501,2005-11-30,2011-03-04,29.18%,5.63%,4.99%,1.05%,-19.46%,-52.39%
502,2005-11-30,2011-07-01,31.89%,6.79%,5.08%,1.18%,-19.46%,-52.39%
503,2005-11-30,2011-10-28,14.11%,2.54%,2.26%,0.43%,-19.46%,-52.39%
504,2005-11-30,2012-02-27,14.99%,9.37%,2.26%,1.44%,-19.46%,-52.39%
505,2005-11-30,2012-06-26,10.1%,5.24%,1.47%,0.78%,-19.52%,-52.39%
506,2005-11-30,2012-10-24,15.86%,12.45%,2.16%,1.71%,-19.52%,-52.39%
507,2005-11-30,2013-02-21,22.25%,19.94%,2.82%,2.55%,-19.52%,-52.39%
508,2005-11-30,2013-06-21,29.33%,26.84%,3.46%,3.19%,-19.52%,-52.39%
509,2005-11-30,2013-10-18,44.73%,39.06%,4.8%,4.27%,-19.52%,-52.39%
510,2005-11-30,2014-02-14,54.52%,46.73%,5.44%,4.78%,-19.52%,-52.39%
511,2005-11-30,2014-06-16,60.55%,54.92%,5.7%,5.25%,-19.52%,-52.39%
512,2005-11-30,2014-10-14,55.45%,49.67%,5.1%,4.65%,-19.52%,-52.39%
513,2006-03-30,2009-07-10,1.88%,-32.23%,0.57%,-11.18%,-19.46%,-52.39%
514,2006-03-30,2009-11-09,24.74%,-15.59%,6.3%,-4.58%,-19.46%,-52.39%
515,2006-03-30,2010-03-09,31.4%,-11.82%,7.17%,-3.14%,-19.46%,-52.39%
516,2006-03-30,2010-07-07,21.21%,-18.25%,4.6%,-4.61%,-19.46%,-52.39%
517,2006-03-30,2010-11-04,26.38%,-5.81%,5.22%,-1.29%,-19.46%,-52.39%
518,2006-03-30,2011-03-04,37.29%,2.06%,6.64%,0.41%,-19.46%,-52.39%
519,2006-03-30,2011-07-01,40.18%,3.17%,6.63%,0.6%,-19.46%,-52.39%
520,2006-03-30,2011-10-28,21.28%,-0.92%,3.52%,-0.17%,-19.46%,-52.39%
521,2006-03-30,2012-02-27,22.21%,5.67%,3.45%,0.94%,-19.46%,-52.39%
522,2006-03-30,2012-06-26,17.01%,1.68%,2.55%,0.27%,-19.52%,-52.39%
523,2006-03-30,2012-10-24,23.14%,8.64%,3.22%,1.27%,-19.52%,-52.39%
524,2006-03-30,2013-02-21,29.93%,15.89%,3.87%,2.16%,-19.52%,-52.39%
525,2006-03-30,2013-06-21,37.45%,22.55%,4.5%,2.85%,-19.52%,-52.39%
526,2006-03-30,2013-10-18,53.82%,34.35%,5.86%,3.98%,-19.52%,-52.39%
527,2006-03-30,2014-02-14,64.23%,41.77%,6.49%,4.53%,-19.52%,-52.39%
528,2006-03-30,2014-06-16,70.64%,49.68%,6.72%,5.03%,-19.52%,-52.39%
529,2006-03-30,2014-10-14,65.22%,44.61%,6.05%,4.41%,-19.52%,-52.39%
530,2006-07-28,2009-11-09,21.86%,-14.39%,6.2%,-4.61%,-19.46%,-52.39%
531,2006-07-28,2010-03-09,28.36%,-10.56%,7.15%,-3.04%,-19.46%,-52.39%
532,2006-07-28,2010-07-07,18.41%,-17.09%,4.38%,-4.64%,-19.46%,-52.39%
533,2006-07-28,2010-11-04,23.46%,-4.47%,5.05%,-1.06%,-19.46%,-52.39%
534,2006-07-28,2011-03-04,34.12%,3.51%,6.59%,0.75%,-19.46%,-52.39%
535,2006-07-28,2011-07-01,36.94%,4.64%,6.59%,0.92%,-19.46%,-52.39%
536,2006-07-28,2011-10-28,18.47%,0.48%,3.28%,0.09%,-19.46%,-52.39%
537,2006-07-28,2012-02-27,19.38%,7.17%,3.22%,1.25%,-19.46%,-52.39%
538,2006-07-28,2012-06-26,14.31%,3.13%,2.29%,0.52%,-19.52%,-52.39%
539,2006-07-28,2012-10-24,20.29%,10.19%,3.0%,1.57%,-19.52%,-52.39%
540,2006-07-28,2013-02-21,26.93%,17.53%,3.69%,2.49%,-19.52%,-52.39%
541,2006-07-28,2013-06-21,34.27%,24.29%,4.36%,3.2%,-19.52%,-52.39%
542,2006-07-28,2013-10-18,50.26%,36.26%,5.79%,4.37%,-19.52%,-52.39%
543,2006-07-28,2014-02-14,60.43%,43.79%,6.46%,4.92%,-19.52%,-52.39%
544,2006-07-28,2014-06-16,66.69%,51.81%,6.69%,5.43%,-19.52%,-52.39%
545,2006-07-28,2014-10-14,61.4%,46.66%,6.0%,4.77%,-19.52%,-52.39%
546,2006-11-27,2010-03-09,20.28%,-17.31%,5.79%,-5.63%,-19.46%,-52.39%
547,2006-11-27,2010-07-07,10.95%,-23.34%,2.92%,-7.1%,-19.46%,-52.39%
548,2006-11-27,2010-11-04,15.68%,-11.67%,3.77%,-3.1%,-19.46%,-52.39%
549,2006-11-27,2011-03-04,25.67%,-4.3%,5.5%,-1.02%,-19.46%,-52.39%
550,2006-11-27,2011-07-01,28.31%,-3.25%,5.58%,-0.72%,-19.46%,-52.39%
551,2006-11-27,2011-10-28,11.01%,-7.09%,2.15%,-1.48%,-19.46%,-52.39%
552,2006-11-27,2012-02-27,11.86%,-0.91%,2.16%,-0.17%,-19.46%,-52.39%
553,2006-11-27,2012-06-26,7.11%,-4.65%,1.24%,-0.85%,-19.52%,-52.39%
554,2006-11-27,2012-10-24,12.72%,1.88%,2.05%,0.32%,-19.52%,-52.39%
555,2006-11-27,2013-02-21,18.94%,8.67%,2.82%,1.34%,-19.52%,-52.39%
556,2006-11-27,2013-06-21,25.82%,14.92%,3.56%,2.14%,-19.52%,-52.39%
557,2006-11-27,2013-10-18,40.8%,25.99%,5.09%,3.41%,-19.52%,-52.39%
558,2006-11-27,2014-02-14,50.32%,32.94%,5.81%,4.02%,-19.52%,-52.39%
559,2006-11-27,2014-06-16,56.19%,40.36%,6.08%,4.59%,-19.52%,-52.39%
560,2006-11-27,2014-10-14,51.23%,35.6%,5.39%,3.94%,-19.52%,-52.39%
561,2007-03-26,2010-07-07,5.97%,-25.9%,1.78%,-8.72%,-17.46%,-52.39%
562,2007-03-26,2010-11-04,10.49%,-14.62%,2.8%,-4.28%,-17.46%,-52.39%
563,2007-03-26,2011-03-04,20.04%,-7.49%,4.74%,-1.96%,-17.46%,-52.39%
564,2007-03-26,2011-07-01,22.56%,-6.48%,4.88%,-1.56%,-17.46%,-52.39%
565,2007-03-26,2011-10-28,6.03%,-10.2%,1.28%,-2.31%,-17.46%,-52.39%
566,2007-03-26,2012-02-27,6.85%,-4.22%,1.35%,-0.87%,-17.46%,-52.39%
567,2007-03-26,2012-06-26,2.3%,-7.84%,0.43%,-1.54%,-19.52%,-52.39%
568,2007-03-26,2012-10-24,7.66%,-1.52%,1.33%,-0.27%,-19.52%,-52.39%
569,2007-03-26,2013-02-21,13.6%,5.04%,2.18%,0.84%,-19.52%,-52.39%
570,2007-03-26,2013-06-21,20.17%,11.08%,2.99%,1.7%,-19.52%,-52.39%
571,2007-03-26,2013-10-18,34.48%,21.78%,4.61%,3.04%,-19.52%,-52.39%
572,2007-03-26,2014-02-14,43.58%,28.51%,5.39%,3.7%,-19.52%,-52.39%
573,2007-03-26,2014-06-16,49.19%,35.68%,5.69%,4.31%,-19.52%,-52.39%
574,2007-03-26,2014-10-14,44.45%,31.08%,4.99%,3.64%,-19.52%,-52.39%
575,2007-07-23,2010-11-04,4.92%,-20.59%,1.47%,-6.77%,-15.99%,-52.39%
576,2007-07-23,2011-03-04,13.98%,-13.96%,3.69%,-4.07%,-15.99%,-52.39%
577,2007-07-23,2011-07-01,16.38%,-13.02%,3.92%,-3.48%,-15.99%,-52.39%
578,2007-07-23,2011-10-28,0.68%,-16.48%,0.16%,-4.13%,-17.04%,-52.39%
579,2007-07-23,2012-02-27,1.46%,-10.92%,0.32%,-2.48%,-17.04%,-52.39%
580,2007-07-23,2012-06-26,-2.85%,-14.28%,-0.59%,-3.08%,-19.52%,-52.39%
581,2007-07-23,2012-10-24,2.23%,-8.41%,0.42%,-1.66%,-19.52%,-52.39%
582,2007-07-23,2013-02-21,7.87%,-2.31%,1.37%,-0.42%,-19.52%,-52.39%
583,2007-07-23,2013-06-21,14.11%,3.31%,2.26%,0.55%,-19.52%,-52.39%
584,2007-07-23,2013-10-18,27.7%,13.26%,3.99%,2.01%,-19.52%,-52.39%
585,2007-07-23,2014-02-14,36.34%,19.52%,4.83%,2.75%,-19.52%,-52.39%
586,2007-07-23,2014-06-16,41.67%,26.19%,5.17%,3.43%,-19.52%,-52.39%
587,2007-07-23,2014-10-14,37.16%,21.91%,4.47%,2.78%,-19.52%,-52.39%
588,2007-11-20,2011-03-04,25.33%,-8.41%,7.11%,-2.64%,-15.78%,-52.39%
589,2007-11-20,2011-07-01,27.96%,-7.41%,7.06%,-2.11%,-15.78%,-52.39%
590,2007-11-20,2011-10-28,10.71%,-11.09%,2.62%,-2.94%,-17.04%,-52.39%
591,2007-11-20,2012-02-27,11.56%,-5.17%,2.59%,-1.23%,-17.04%,-52.39%
592,2007-11-20,2012-06-26,6.81%,-8.75%,1.44%,-1.97%,-19.52%,-52.39%
593,2007-11-20,2012-10-24,12.41%,-2.5%,2.4%,-0.51%,-19.52%,-52.39%
594,2007-11-20,2013-02-21,18.61%,4.0%,3.3%,0.75%,-19.52%,-52.39%
595,2007-11-20,2013-06-21,25.47%,9.98%,4.14%,1.72%,-19.52%,-52.39%
596,2007-11-20,2013-10-18,40.41%,20.57%,5.91%,3.21%,-19.52%,-52.39%
597,2007-11-20,2014-02-14,49.91%,27.23%,6.7%,3.93%,-19.52%,-52.39%
598,2007-11-20,2014-06-16,55.77%,34.33%,6.97%,4.59%,-19.52%,-52.39%
599,2007-11-20,2014-10-14,50.81%,29.77%,6.13%,3.85%,-19.52%,-52.39%
600,2008-03-19,2011-07-01,38.32%,2.76%,10.38%,0.83%,-15.78%,-46.97%
601,2008-03-19,2011-10-28,19.67%,-1.32%,5.1%,-0.37%,-17.04%,-46.97%
602,2008-03-19,2012-02-27,20.59%,5.25%,4.86%,1.31%,-17.04%,-46.97%
603,2008-03-19,2012-06-26,15.46%,1.27%,3.42%,0.3%,-19.52%,-46.97%
604,2008-03-19,2012-10-24,21.51%,8.21%,4.32%,1.73%,-19.52%,-46.97%
605,2008-03-19,2013-02-21,28.21%,15.42%,5.17%,2.95%,-19.52%,-46.97%
606,2008-03-19,2013-06-21,35.63%,22.06%,5.96%,3.86%,-19.52%,-46.97%
607,2008-03-19,2013-10-18,51.78%,33.82%,7.76%,5.35%,-19.52%,-46.97%
608,2008-03-19,2014-02-14,62.05%,41.21%,8.51%,6.01%,-19.52%,-46.97%
609,2008-03-19,2014-06-16,68.38%,49.09%,8.7%,6.6%,-19.52%,-46.97%
610,2008-03-19,2014-10-14,63.03%,44.03%,7.72%,5.71%,-19.52%,-46.97%
611,2008-07-17,2011-10-28,19.67%,2.72%,5.62%,0.82%,-17.04%,-30.68%
612,2008-07-17,2012-02-27,20.59%,9.55%,5.31%,2.55%,-17.04%,-30.68%
613,2008-07-17,2012-06-26,15.46%,5.42%,3.71%,1.35%,-19.52%,-30.68%
614,2008-07-17,2012-10-24,21.51%,12.64%,4.66%,2.82%,-19.52%,-30.68%
615,2008-07-17,2013-02-21,28.21%,20.14%,5.55%,4.07%,-19.52%,-30.68%
616,2008-07-17,2013-06-21,35.63%,27.05%,6.37%,4.97%,-19.52%,-30.68%
617,2008-07-17,2013-10-18,51.78%,39.29%,8.26%,6.51%,-19.52%,-30.68%
618,2008-07-17,2014-02-14,62.05%,46.98%,9.03%,7.14%,-19.52%,-30.68%
619,2008-07-17,2014-06-16,68.38%,55.18%,9.2%,7.71%,-19.52%,-30.68%
620,2008-07-17,2014-10-14,63.03%,49.92%,8.14%,6.7%,-19.52%,-30.68%
621,2008-11-14,2012-02-27,20.59%,58.35%,5.86%,15.0%,-17.04%,-19.42%
622,2008-11-14,2012-06-26,15.46%,52.37%,4.06%,12.35%,-19.52%,-19.42%
623,2008-11-14,2012-10-24,21.51%,62.8%,5.06%,13.15%,-19.52%,-19.42%
624,2008-11-14,2013-02-21,28.21%,73.66%,5.99%,13.78%,-19.52%,-19.42%
625,2008-11-14,2013-06-21,35.63%,83.64%,6.85%,14.12%,-19.52%,-19.42%
626,2008-11-14,2013-10-18,51.78%,101.33%,8.83%,15.25%,-19.52%,-19.42%
627,2008-11-14,2014-02-14,62.05%,112.45%,9.62%,15.42%,-19.52%,-19.42%
628,2008-11-14,2014-06-16,68.38%,124.3%,9.77%,15.55%,-19.52%,-19.42%
629,2008-11-14,2014-10-14,63.03%,116.69%,8.61%,13.96%,-19.52%,-19.42%
630,2009-03-16,2012-06-26,15.46%,73.98%,4.48%,18.38%,-19.52%,-19.42%
631,2009-03-16,2012-10-24,21.51%,85.9%,5.54%,18.73%,-19.52%,-19.42%
632,2009-03-16,2013-02-21,28.21%,98.29%,6.51%,18.98%,-19.52%,-19.42%
633,2009-03-16,2013-06-21,35.63%,109.69%,7.4%,18.94%,-19.52%,-19.42%
634,2009-03-16,2013-10-18,51.78%,129.88%,9.51%,19.86%,-19.52%,-19.42%
635,2009-03-16,2014-02-14,62.05%,142.58%,10.31%,19.73%,-19.52%,-19.42%
636,2009-03-16,2014-06-16,68.38%,156.12%,10.42%,19.6%,-19.52%,-19.42%
637,2009-03-16,2014-10-14,63.03%,147.43%,9.15%,17.62%,-19.52%,-19.42%
638,2009-07-13,2012-10-24,18.58%,56.51%,5.32%,14.61%,-19.52%,-19.42%
639,2009-07-13,2013-02-21,25.12%,66.95%,6.4%,15.24%,-19.52%,-19.42%
640,2009-07-13,2013-06-21,32.36%,76.55%,7.37%,15.51%,-19.52%,-19.42%
641,2009-07-13,2013-10-18,48.12%,93.55%,9.64%,16.73%,-19.52%,-19.42%
642,2009-07-13,2014-02-14,58.14%,104.24%,10.49%,16.82%,-19.52%,-19.42%
643,2009-07-13,2014-06-16,64.32%,115.64%,10.6%,16.87%,-19.52%,-19.42%
644,2009-07-13,2014-10-14,59.1%,108.32%,9.23%,14.98%,-19.52%,-19.42%
645,2009-11-09,2013-02-21,3.55%,37.28%,1.07%,10.12%,-19.52%,-19.42%
646,2009-11-09,2013-06-21,9.55%,45.18%,2.55%,10.86%,-19.52%,-19.42%
647,2009-11-09,2013-10-18,22.59%,59.16%,5.3%,12.51%,-19.52%,-19.42%
648,2009-11-09,2014-02-14,30.88%,67.95%,6.51%,12.92%,-19.52%,-19.42%
649,2009-11-09,2014-06-16,36.0%,77.32%,6.91%,13.25%,-19.52%,-19.42%
650,2009-11-09,2014-10-14,31.67%,71.31%,5.74%,11.53%,-19.52%,-19.42%
651,2010-03-09,2013-06-21,4.6%,38.97%,1.38%,10.53%,-19.52%,-19.42%
652,2010-03-09,2013-10-18,17.06%,52.36%,4.46%,12.36%,-19.52%,-19.42%
653,2010-03-09,2014-02-14,24.98%,60.77%,5.82%,12.81%,-19.52%,-19.42%
654,2010-03-09,2014-06-16,29.86%,69.74%,6.3%,13.18%,-19.52%,-19.42%
655,2010-03-09,2014-10-14,25.73%,63.99%,5.1%,11.34%,-19.52%,-19.42%
656,2010-07-07,2013-10-18,26.9%,64.35%,7.52%,16.33%,-19.52%,-19.42%
657,2010-07-07,2014-02-14,35.49%,73.42%,8.77%,16.47%,-19.52%,-19.42%
658,2010-07-07,2014-06-16,40.78%,83.1%,9.06%,16.57%,-19.52%,-19.42%
659,2010-07-07,2014-10-14,36.31%,76.89%,7.52%,14.28%,-19.52%,-19.42%
660,2010-11-04,2014-02-14,29.94%,50.52%,8.31%,13.27%,-19.52%,-14.73%
661,2010-11-04,2014-06-16,35.02%,58.92%,8.66%,13.66%,-19.52%,-14.73%
662,2010-11-04,2014-10-14,30.73%,53.53%,7.03%,11.48%,-19.52%,-14.73%
663,2011-03-04,2014-06-16,24.29%,46.67%,6.84%,12.36%,-19.52%,-9.69%
664,2011-03-04,2014-10-14,20.34%,41.69%,5.25%,10.12%,-19.52%,-9.69%
665,2011-07-05,2014-10-14,17.98%,40.27%,5.17%,10.87%,-17.6%,-7.84%
